algoritmo,mae,rsd,lsd,mbre,mmer,sa
OLS,6.989703284002294,4.1149766147818765,0.6111436582854862,0.7107656701542417,0.4764381907975927,0.9930102967159976
ABE,13.0075,12.92673444193781,0.971877323556643,1.3272992611672072,0.8091576181157082,0.9869925
Adaboost,10.564931307118806,8.84370356758986,0.8196199930328233,1.1261357176664328,0.6013640016922707,0.9894350686928812
ANN,34.05201360487778,11.806325411056152,1.255877369278126,4.5537351117511635,0.9100878332872188,0.9659479863951222
