algoritmo,mae,rsd,lsd,mbre,mmer,sa
ABE,13.0075,12.92673444193781,0.8693228278708223,1.3272992611672072,0.8091576181157082,0.9869924999999999
Adaboost,10.564931307118806,8.84370356758986,0.8117938437161191,1.1261357176664328,0.6013640016922707,0.9894350686928812
