algoritmo,mae,rsd,lsd,mbre,mmer,sa
ABE,13.0075,12.92673444193781,0.8693228278708223,1.3272992611672072,0.8091576181157082,0.9869924999999999
Adaboost,10.564931307118806,8.84370356758986,0.8117938437161191,1.1261357176664328,0.6013640016922707,0.9894350686928812
ANN,34.05201360487778,11.806325411056152,1.1454442646726102,4.553735111751164,0.9100878332872188,0.9659479863951222
Bagging,8.000416666666666,10.406515019808236,0.8245052582154458,1.0746653746694417,0.605248496804891,0.9919995833333334
Deep,17.334934789439043,16.570576933294387,3.0591763226633466,9.947072079583313,9.808317381213447,0.9826650652105609
GBM,10.584603782225974,7.565467949399012,0.9953503185955267,1.92311004245784,0.4768375471427421,0.9894153962177741
