algoritmo,mae,rsd,lsd,mbre,mmer,sa
ABE,13.0075,12.92673444193781,0.971877323556643,1.3272992611672072,0.8091576181157082,0.9869925
