algoritmo,mae,rsd,lsd,mbre,mmer,sa
OLS,6.989703284002294,4.1149766147818765,0.6111436582854862,0.7107656701542417,0.4764381907975927,0.9930102967159976
ABE,13.0075,12.92673444193781,0.971877323556643,1.3272992611672072,0.8091576181157082,0.9869925
