algoritmo,mae,rsd,lsd,mbre,mmer,sa
OLS,6.989703284002295,4.1149766147818765,0.6111436582854862,0.7107656701542417,0.4764381907975927,0.9930102967159977
