,algoritmo,mae,rsd,lsd,mbre,mmer,sa
0,ABE,13.0075,12.92673444193781,0.8693228278708223,1.3272992611672072,0.8091576181157082,0.9869925
