algoritmo,mae,rsd,lsd,mbre,mmer,sa
OLS,993.0062132926324,116.35629909951835,1.340105915673809,7.914609694701626,0.12195356113899285,0.006993786707367611
Ridge,634.8704864390653,50.262368492080725,1.2563151545880376,3.9724374179209128,0.7543392019681775,0.3651295135609347
LASSO,987.8446941240719,115.54097290179199,1.338064329700157,7.837690904707043,0.12113729448558992,0.012155305875927835
Adaboost,543.4322151245849,17.457248590065724,1.3898342483590054,3.89054649424438,1.2222081499204691,0.4565677848754151
ANN,460.33057747208875,12.450061601818295,1.1880648551071586,2.8565770732642752,0.9142149242151232,0.5396694225279112
Deep,679.2927464253372,11.940112689376507,13.156578626083947,136.3598111143773,136.3598111143773,0.3207072535746628
Bagging,553.689523809524,11.120708091920124,1.0287872431244085,1.8097072775961047,0.8465914309647875,0.446310476190476
GBM,681.020048657089,42.4383122791324,1.5115157224706313,8.841832495630506,0.9600932464439675,0.318979951342911
