algoritmo,mae,rsd,lsd,mbre,mmer,sa
ABE,577.8355555555555,10.163396428810023,1.2036203318260066,2.3117922614487147,1.108497722781986,0.4221644444444445
Adaboost,543.4322151245849,17.457248590065724,1.4609024720669823,3.89054649424438,1.2222081499204691,0.4565677848754151
Deep,679.5924819945106,11.939548471577027,5.351108551842112,174.87714262466366,174.87714262466366,0.3204075180054894
Bagging,553.689523809524,11.120708091920124,0.9913091981866854,1.8097072775961047,0.8465914309647875,0.446310476190476
CART,668.0174603174603,10.739896229349696,1.4636040441079161,2.4541850163485166,1.7991466388924142,0.3319825396825397
ElasticNET,611.0578445415572,21.526044263195853,1.2587550847730615,4.8752935924243035,0.7973264922263792,0.3889421554584428
GBM,681.020048657089,42.4383122791324,1.5144416671582577,8.841832495630506,0.9600932464439675,0.318979951342911
