algoritmo,mae,rsd,lsd,mbre,mmer,sa
ABE,577.8355555555555,10.163396428810023,1.2036203318260066,2.3117922614487147,1.1084977227819859,0.4221644444444445
Adaboost,543.4322151245849,17.457248590065724,1.4609024720669823,3.89054649424438,1.2222081499204691,0.4565677848754151
Deep,679.5924819945106,11.939548471577027,5.351108551842112,174.87714262466366,174.87714262466366,0.3204075180054894
ANN,460.3305774720888,12.450061601818298,1.1666370811562339,2.856577073264275,0.9142149242151233,0.5396694225279112
