algoritmo,mae,rsd,lsd,mbre,mmer,sa
ABE,577.8355555555555,10.163396428810023,1.2036203318260066,2.3117922614487147,1.108497722781986,0.4221644444444445
Adaboost,543.4322151245849,17.457248590065724,1.4609024720669823,3.89054649424438,1.2222081499204691,0.4565677848754151
ANN,460.33057747208875,12.450061601818295,1.166637081156234,2.8565770732642752,0.9142149242151232,0.5396694225279112
Bagging,553.689523809524,11.120708091920124,0.9913091981866854,1.8097072775961047,0.8465914309647875,0.446310476190476
CART,596.7015873015872,11.849751606414284,1.5464864786804275,2.800306393707462,2.1303761208139798,0.4032984126984128
