algoritmo,mae,rsd,lsd,mbre,mmer,sa
OLS,993.0062132926324,116.35629909951835,1.340105915673809,7.9146096947016265,0.12195356113899285,0.006993786707367611
Ridge,634.8704864390653,50.262368492080725,1.2563151545880376,3.9724374179209128,0.7543392019681775,0.3651295135609347
LASSO,987.8446941240719,115.54097290179199,1.338064329700157,7.837690904707043,0.12113729448558992,0.012155305875927835
Adaboost,543.4322151245849,17.457248590065724,1.3898342483590054,3.89054649424438,1.2222081499204691,0.4565677848754151
ANN,460.3305774720888,12.450061601818298,1.1880648551071586,2.856577073264275,0.9142149242151233,0.5396694225279112
