algoritmo,mae,rsd,lsd,mbre,mmer,sa
ABE,577.8355555555555,10.163396428810023,1.2036203318260066,2.3117922614487147,1.1084977227819859,0.4221644444444445
Adaboost,543.4322151245849,17.457248590065724,1.4609024720669823,3.89054649424438,1.2222081499204691,0.4565677848754151
Deep,679.5924819945106,11.939548471577027,5.351108551842112,174.87714262466366,174.87714262466366,0.3204075180054894
Bagging,553.689523809524,11.120708091920124,0.9913091981866854,1.8097072775961047,0.8465914309647875,0.44631047619047604
LARS,617.053387649013,21.934168364205323,1.2916484017817844,5.375355861543496,0.8119867280612936,0.38294661235098704
CART,537.0507936507936,10.774073355347355,1.4792623855978626,2.4073607282735106,1.6759826225284946,0.4629492063492064
ElasticNET,611.0578445415572,21.526044263195853,1.2587550847730615,4.8752935924243035,0.7973264922263792,0.3889421554584428
LASSO,987.8446941240721,115.540972901792,1.5991176612325078,7.837690904707042,0.12113729448558992,0.012155305875927835
