algoritmo,mae,rsd,lsd,mbre,mmer,sa
ABE,577.8355555555555,10.163396428810023,1.2036203318260066,2.3117922614487147,1.1084977227819859,0.4221644444444445
Adaboost,543.4322151245849,17.457248590065724,1.4609024720669825,3.89054649424438,1.2222081499204693,0.45656778487541505
