algoritmo,mae,rsd,lsd,mbre,mmer,sa
OLS,993.0062132926324,116.35629909951835,1.340105915673809,7.9146096947016265,0.12195356113899285,0.006993786707367611
Ridge,634.8704864390653,50.262368492080725,1.2563151545880376,3.9724374179209128,0.7543392019681775,0.3651295135609347
LASSO,987.8446941240721,115.540972901792,1.3380643297001573,7.837690904707042,0.12113729448558992,0.012155305875927835
