algoritmo,mae,rsd,lsd,mbre,mmer,sa
OLS,993.0062132926324,116.35629909951837,1.340105915673809,7.9146096947016265,0.12195356113899286,0.006993786707367611
