algoritmo,mae,rsd,lsd,mbre,mmer,sa
OLS,993.0062132926324,116.35629909951835,1.340105915673809,7.914609694701626,0.12195356113899285,0.006993786707367611
Ridge,634.8704864390653,50.262368492080725,1.2563151545880376,3.9724374179209128,0.7543392019681775,0.3651295135609347
