algoritmo,mae,rsd,lsd,mbre,mmer,sa
ABE,577.8355555555555,10.163396428810023,1.2036203318260066,2.3117922614487147,1.108497722781986,0.42216444444444445
