algoritmo,mae,rsd,lsd,mbre,mmer,sa
OLS,993.0062132926324,116.35629909951835,1.340105915673809,7.914609694701626,0.12195356113899285,0.006993786707367611
Ridge,634.8704864390653,50.262368492080725,1.2563151545880376,3.9724374179209128,0.7543392019681775,0.3651295135609347
LASSO,987.8446941240719,115.54097290179199,1.338064329700157,7.837690904707043,0.12113729448558992,0.012155305875927835
Adaboost,543.4322151245849,17.457248590065724,1.3898342483590054,3.89054649424438,1.2222081499204691,0.4565677848754151
ANN,460.33057747208875,12.450061601818296,1.1880648551071586,2.8565770732642752,0.9142149242151232,0.5396694225279112
Deep,679.2927464253372,11.94011268937651,13.15657862608395,136.35981111437727,136.35981111437727,0.3207072535746628
