algoritmo,mae,rsd,lsd,mbre,mmer,sa
ANN,2332.8930618224317,9.982468428269216,1.4852581818937876,29.33920284925432,0.5841072474856351,-1.3328930618224308
ABE,2467.152622222223,10.148189726194234,1.3963513894037543,34.42547028178185,0.4990463977080381,-1.4671526222222222
Adaboost,2321.0807055918176,9.611404806374928,1.386685772141425,33.38127187715992,0.48200498826054705,-1.3210807055918177
