algoritmo,mae,rsd,lsd,mbre,mmer,sa
ANN,2332.8930618224317,9.982468428269216,1.4852581818937876,29.33920284925432,0.5841072474856351,-1.3328930618224308
ABE,2467.1526222222224,10.148189726194234,1.396351389403754,34.42547028178185,0.4990463977080381,-1.4671526222222222
