algoritmo,mae,rsd,lsd,mbre,mmer,sa
ABE,2467.1526222222224,10.148189726194234,1.396351389403754,34.42547028178185,0.4990463977080381,-1.4671526222222222
