algoritmo,mae,rsd,lsd,mbre,mmer,sa
Ridge,2140.7983782945475,9.801027678980024,1.273984482236716,34.183814999316006,0.47591197974715527,-1.1407983782945474
