algoritmo,mae,rsd,lsd,mbre,mmer,sa
ANN,2332.8930618224313,9.982468428269218,1.4852581818937876,29.339202849254317,0.5841072474856351,-1.332893061822431
