algoritmo,mae,rsd,lsd,mbre,mmer,sa
Ridge,2140.7983782945475,9.801027678980024,1.273984482236716,34.18381499931601,0.4759119797471553,-1.1407983782945474
OLS,2147.451850255959,9.887117880985212,1.2896573976345942,34.53109401049063,0.5179686024829873,-1.1474518502559592
LASSO,2147.436855412046,9.88590815870621,1.2896921089177058,34.53195852431402,0.5179995665506659,-1.147436855412046
