algoritmo,mae,rsd,lsd,mbre,mmer,sa
Ridge,2140.7983782945475,9.801027678980024,1.273984482236716,34.18381499931601,0.4759119797471553,-1.1407983782945474
OLS,2147.451850255959,9.887117880985212,1.2896573976345942,34.53109401049063,0.5179686024829873,-1.1474518502559592
LASSO,2147.436855412046,9.885908158706213,1.2896921089177058,34.531958524314014,0.5179995665506659,-1.1474368554120458
ElasticNET,2154.2698544586788,8.972278945403868,1.2136828951696934,24.93371415949275,-3.655210774813143,-1.1542698544586782
LARS,2186.978130831762,9.209867386510988,1.278243609668133,39.25315716001759,0.4070367282339702,-1.1869781308317622
