algoritmo,mae,rsd,lsd,mbre,mmer,sa
ABE,161.83693333333338,118.58573179030935,1.2431806813792916,2.3523845808065165,1.30148793875602,0.8381630666666666
Adaboost,135.87830158730156,114.38274681777186,1.0444674778754437,1.5527396676539205,0.927331814118315,0.8641216984126985
ANN,342.8544164140146,0.2158647960685013,1.8748131844637483,-18.862791360653087,-19.346232767239908,0.6571455835859854
Bagging,154.45026666666664,112.74979473417402,1.2774296090821686,2.644124697246402,0.907731558954294,0.8455497333333334
CART,280.2486666666666,125.64875112774523,2.2864066044126545,7.534652532216703,4.126864098782592,0.7197513333333334
Deep,211.02255860372387,128.2853454494559,4.678568583133979,88.98692540137729,-1452.6048791659064,0.7889774413962761
