algoritmo,mae,rsd,lsd,mbre,mmer,sa
Ridge,184.56373140959622,96.2585082433471,1.012806619069264,0.07839799043978606,-0.5291283072173373,0.8154362685904037
