algoritmo,mae,rsd,lsd,mbre,mmer,sa
Ridge,184.56373140959624,96.2585082433471,1.0128066190692642,0.07839799043978607,-0.5291283072173373,0.8154362685904037
OLS,194.52228792681228,97.23506901547677,1.0489285313590915,0.46039194424709784,-0.17662576935429636,0.8054777120731877
