algoritmo,mae,rsd,lsd,mbre,mmer,sa
Ridge,184.56373140959624,96.2585082433471,1.0128066190692642,0.07839799043978607,-0.5291283072173373,0.8154362685904037
OLS,194.52228792681228,97.23506901547677,1.0489285313590917,0.4603919442470978,-0.17662576935429636,0.8054777120731877
LASSO,194.21173743196542,97.14960444381637,1.0468886222621756,0.4528566347323223,-0.1835172120747632,0.8057882625680346
