algoritmo,mae,rsd,lsd,mbre,mmer,sa
ABE,161.83693333333338,118.58573179030935,1.2431806813792916,2.3523845808065165,1.30148793875602,0.8381630666666666
Adaboost,135.87830158730156,114.38274681777186,1.0444674778754437,1.5527396676539205,0.927331814118315,0.8641216984126985
