algoritmo,mae,rsd,lsd,mbre,mmer,sa
ABE,161.83693333333338,118.58573179030935,1.2431806813792916,2.3523845808065165,1.30148793875602,0.8381630666666666
