algoritmo,mae,rsd,lsd,mbre,mmer,sa
Ridge,184.56373140959624,96.2585082433471,1.0128066190692642,0.07839799043978607,-0.5291283072173373,0.8154362685904037
OLS,194.52228792681228,97.23506901547677,1.0489285313590917,0.4603919442470978,-0.17662576935429636,0.8054777120731877
LASSO,194.21173743196545,97.14960444381636,1.0468886222621756,0.4528566347323223,-0.1835172120747632,0.8057882625680346
ElasticNET,175.19975277857014,94.01613424396963,0.9553765813890394,-0.9842200724271788,-1.5345303213945152,0.8248002472214299
LARS,182.80743504365918,123.10792462037605,1.2699312965436798,3.2813579851626264,2.0668843752365818,0.8171925649563409
SVR,149.02717327549897,114.19757200525352,0.9698338257732676,1.6001831382758303,1.1839500746112774,0.8509728267245009
CART,228.688,125.64865697747993,1.851382954219415,7.222656745219947,3.8998212040884064,0.771312
