algoritmo,mae,rsd,lsd,mbre,mmer,sa
Ridge,378.83901651622284,17.971009239591833,0.8263704273480071,-0.7581253707904466,-1.2907699036664217,0.6211609834837772
