algoritmo,mae,rsd,lsd,mbre,mmer,sa
Ridge,378.83901651622284,17.971009239591833,0.8263704273480071,-0.7581253707904466,-1.2907699036664215,0.6211609834837772
OLS,464.0233909687957,23.11664067245016,0.9919255480365652,0.6949984105260191,0.04193781717211483,0.5359766090312044
LASSO,460.88200156672883,23.22996066043743,0.9511528759731632,0.6389217023040764,-0.009225987212980388,0.5391179984332712
ElasticNET,430.61837274614385,49.39918067395648,1.0216955740214593,2.1165626238894726,0.2542056284705566,0.5693816272538561
LARS,430.4228112748741,29.60898416369648,1.1422229468067615,3.046359949936799,0.7688042527748044,0.569577188725126
