algoritmo,mae,rsd,lsd,mbre,mmer,sa
Ridge,378.83901651622284,17.971009239591833,0.8263704273480071,-0.7581253707904466,-1.2907699036664215,0.6211609834837772
OLS,464.0233909687957,23.11664067245016,0.9919255480365652,0.6949984105260191,0.04193781717211483,0.5359766090312044
LASSO,460.88200156672883,23.22996066043743,0.9511528759731632,0.6389217023040764,-0.009225987212980388,0.5391179984332712
ElasticNET,430.618372746144,49.39918067395648,1.0216955740214593,2.1165626238894726,0.2542056284705566,0.5693816272538561
LARS,430.4228112748741,29.60898416369648,1.1422229468067615,3.046359949936799,0.7688042527748044,0.569577188725126
SVR,540.852445509135,36.74599975801997,1.607045473051076,4.37139477245111,2.1371894433270766,0.45914755449086503
CART,407.6516129032258,25.9322063570718,0.9162293905597214,1.620582604890343,1.0744625498921496,0.5923483870967743
ABE,421.9135483870968,18.32116026994736,0.9417503460616712,1.6685400209556525,0.6433195052726968,0.5780864516129033
Adaboost,343.3650792963551,28.408773546565488,0.9937488180405307,1.795325008410467,0.6358380042464558,0.6566349207036449
