algoritmo,mae,rsd,lsd,mbre,mmer,sa
Ridge,378.83901651622284,17.971009239591833,0.8263704273480071,-0.7581253707904466,-1.2907699036664215,0.6211609834837772
OLS,464.0233909687957,23.11664067245016,0.9919255480365652,0.6949984105260191,0.04193781717211483,0.5359766090312044
LASSO,460.8820015667288,23.22996066043743,0.9511528759731633,0.6389217023040764,-0.009225987212980388,0.5391179984332712
