algoritmo,mae,rsd,lsd,mbre,mmer,sa
ABE,421.9135483870968,18.32116026994736,0.954406351758754,1.6685400209556525,0.6433195052726968,0.5780864516129033
Adaboost,343.3650792963551,28.408773546565488,0.9399198238243588,1.795325008410467,0.6358380042464558,0.6566349207036449
