algoritmo,mae,rsd,lsd,mbre,mmer,sa
ABE,421.9135483870968,18.32116026994736,0.954406351758754,1.6685400209556525,0.6433195052726968,0.5780864516129033
Adaboost,343.3650792963552,28.408773546565488,0.9399198238243588,1.7953250084104668,0.6358380042464558,0.6566349207036449
ANN,401.6034306307901,37.59806038705839,0.9802928664972876,2.6581333191312764,0.6403651577879088,0.5983965693692099
Bagging,396.1204301075268,20.40762783236132,1.0697490366850757,1.56959700782808,1.0631887181966808,0.6038795698924732
CART,405.7387096774193,25.70511234345557,1.0075989167542374,1.5215306286185597,0.8802726228481577,0.5942612903225807
Deep,610.4815004069318,13.791601196990433,3.830253789567008,38.8213796323926,38.8213796323926,0.38951849959306817
ElasticNET,430.61837274614385,49.39918067395648,1.0652304110777016,2.1165626238894726,0.2542056284705566,0.5693816272538561
GBM,420.85921204319203,50.09731530339989,1.1696440867572875,3.8850306079101924,0.6717108327403071,0.579140787956808
