algoritmo,mae,rsd,lsd,mbre,mmer,sa
ABE,421.91354838709674,18.321160269947356,0.9544063517587541,1.6685400209556525,0.6433195052726968,0.5780864516129033
