algoritmo,mae,rsd,lsd,mbre,mmer,sa
ABE,580.0069841269842,10.17280468810502,1.1971171196857744,2.324711534785933,1.097352006515094,0.4199930158730157
Adaboost,530.8880470362438,16.581338668946643,1.406267426480192,3.648231008780992,1.197423644086773,0.4691119529637562
ANN,459.3935654331452,12.571511539411972,1.1649548151638218,2.890863724559867,0.9067255736970112,0.5406064345668549
Bagging,531.9869841269841,13.346354860298623,0.9404110263039428,1.8150792821111568,0.7303727635131764,0.4680130158730159
CART,646.815873015873,10.685256447836682,1.5192144248556447,2.537008492747283,1.866620115974704,0.353184126984127
Deep,679.8613692117116,11.945058486622088,5.19455862818245,136.9069581360281,136.9069581360281,0.3201386307882884
ElasticNET,600.0500864538882,22.1318063188634,1.22477853857183,4.481923088827418,0.7724003862035677,0.3999499135461118
GBM,691.0081402330779,43.8582272818772,1.521967660111711,8.986764456329116,1.021514295933963,0.3089918597669221
