algoritmo,mae,rsd,lsd,mbre,mmer,sa
ABE,580.0069841269842,10.172804688105021,1.1971171196857744,2.324711534785933,1.097352006515094,0.41999301587301574
