algoritmo,mae,rsd,lsd,mbre,mmer,sa
ABE,580.0069841269842,10.17280468810502,1.1971171196857744,2.324711534785933,1.097352006515094,0.4199930158730157
Adaboost,530.8880470362438,16.581338668946643,1.406267426480192,3.6482310087809924,1.197423644086773,0.4691119529637562
