algoritmo,mae,rsd,lsd,mbre,mmer,sa
ABE,580.0069841269842,10.17280468810502,1.1971171196857744,2.324711534785933,1.097352006515094,0.4199930158730157
Adaboost,530.8880470362438,16.581338668946643,1.406267426480192,3.648231008780992,1.197423644086773,0.4691119529637562
ANN,459.3935654331452,12.571511539411972,1.1649548151638218,2.890863724559867,0.9067255736970112,0.5406064345668549
Bagging,531.9869841269841,13.346354860298625,0.9404110263039429,1.8150792821111574,0.7303727635131764,0.4680130158730159
