algoritmo,mae,rsd,lsd,mbre,mmer,sa
ABE,2388.2839506172845,9.72981288729904,0.6485234228116463,0.8395703018989521,0.4618103350963548,-1.3882839506172844
Adaboost,2233.167957462709,9.212621608555853,0.613266916109039,0.7551703696686707,0.4419221787838912,-1.233167957462709
