algoritmo,mae,rsd,lsd,mbre,mmer,sa
ABE,2388.2839506172845,9.729812887299039,0.6485234228116463,0.8395703018989521,0.46181033509635483,-1.3882839506172844
