algoritmo,mae,rsd,lsd,mbre,mmer,sa
ABE,2388.2839506172845,9.72981288729904,0.6485234228116463,0.8395703018989521,0.4618103350963548,-1.3882839506172844
Adaboost,2233.167957462709,9.212621608555851,0.613266916109039,0.7551703696686707,0.4419221787838912,-1.233167957462709
ANN,2254.4052641568733,9.752919511815106,0.6839722027245799,0.7669497252224604,0.5591846657181195,-1.2544052641568737
Bagging,2174.687654320988,8.279341571216943,0.5286682555650142,0.6398197855093722,0.38354768121341937,-1.1746876543209877
