algoritmo,mae,rsd,lsd,mbre,mmer,sa
ABE,0.1021597842105262,0.0253963041759306,0.0197601366170177,0.0132221853657626,0.0130101378387613,0.9998978402157894
Adaboost,0.1420281939849623,0.0297037658320106,0.0228889342287529,0.0179248217411677,0.0176725107570952,0.999857971806015
ANN,217.77175973315968,28.851839605981052,2.8840987119676584,24.312057438966903,0.9344824548117301,0.7822282402668403
