algoritmo,mae,rsd,lsd,mbre,mmer,sa
ABE,0.10215978421052628,0.025396304175930667,0.019760136617017785,0.013222185365762652,0.01301013783876132,0.9998978402157894
