algoritmo,mae,rsd,lsd,mbre,mmer,sa
ABE,0.1021597842105262,0.0253963041759306,0.0197601366170177,0.0132221853657626,0.0130101378387613,0.9998978402157894
Adaboost,0.14202819398496236,0.029703765832010637,0.02288893422875293,0.017924821741167753,0.017672510757095212,0.999857971806015
