algoritmo,mae,rsd,lsd,mbre,mmer,sa
Deep,211.2893195401033,127.73338009159666,4.857144264028551,82.99386965806993,82.99386965806993,0.7887106804598967
ABE,161.83693333333338,118.58573179030935,1.2431806813792916,2.3523845808065165,1.30148793875602,0.8381630666666666
Adaboost,219.96914285714283,89.36715572279988,1.3777850044530044,4.27165523073062,0.7718807204974463,0.7800308571428571
ANN,273.80698283290144,0.1806313533554858,6.626187228082226,35.14811198029998,34.91584228208542,0.7261930171670985
