algoritmo,mae,rsd,lsd,mbre,mmer,sa
Deep,211.2893195401033,127.73338009159666,4.857144264028551,82.99386965806993,82.99386965806993,0.7887106804598967
