algoritmo,mae,rsd,lsd,mbre,mmer,sa
Deep,211.2893195401033,127.73338009159666,4.857144264028551,82.99386965806993,82.99386965806993,0.7887106804598967
ABE,161.83693333333338,118.58573179030935,1.2431806813792916,2.3523845808065165,1.30148793875602,0.8381630666666666
