algoritmo,mae,rsd,lsd,mbre,mmer,sa
ABE,3730.161290322581,8.30703162893002,0.5830636490112592,0.7299369400602911,0.4878582564062808,0.5708551318372486
Adaboost,3393.1072904412003,10.209909673947196,0.5753112774801001,0.7161715783451706,0.4398584130937048,0.6072240249352368
ANN,5262.152365648292,12.603753932276474,1.2024874553676732,1.8463237151859768,1.8455104637828543,0.3863230204615535
Bagging,3524.8580645161287,7.959770643641861,0.5167473376910339,0.6232509702832977,0.3774488811958136,0.5920303668720053
CART,6064.290322580645,12.266650290396916,0.7915654230781362,1.1251101681044395,0.6397850789563413,0.297606152260662
Deep,8168.025817240438,16.56966953190433,5.231087586945603,170.71694001610302,170.71694001610302,0.05957600201571478
