algoritmo,mae,rsd,lsd,mbre,mmer,sa
ABE,3730.1612903225805,8.30703162893002,0.5830636490112592,0.7299369400602911,0.4878582564062808,0.5708551318372486
