algoritmo,mae,rsd,lsd,mbre,mmer,sa
ABE,503.3507692307692,13.480584872960094,1.048273627242149,2.030769214330864,1.0666734844327483,0.4966492307692307
Adaboost,370.3697174137925,29.32186938097217,0.943576087310782,1.7789610066572874,0.6787714348004782,0.6296302825862076
ANN,364.0962527645286,13.525289992219705,0.9255422389411785,1.4763255451789816,0.8602933337450934,0.6359037472354714
