algoritmo,mae,rsd,lsd,mbre,mmer,sa
ABE,503.3507692307692,13.480584872960094,1.048273627242149,2.030769214330864,1.0666734844327483,0.4966492307692307
Adaboost,370.3697174137925,29.32186938097217,0.943576087310782,1.7789610066572874,0.6787714348004782,0.6296302825862076
ANN,364.0962527645286,13.525289992219705,0.9255422389411784,1.4763255451789816,0.8602933337450934,0.6359037472354714
Bagging,386.2087912087912,25.22448461520218,1.0219061319937388,1.5797396389386111,0.9794241923487932,0.6137912087912087
CART,409.5164835164835,20.74407070788738,1.0204826696465823,1.5517589364688773,0.8746985957495915,0.5904835164835165
Deep,629.2746226164011,14.104296739454085,4.42434860571617,76.25212024737812,76.25212024737812,0.3707253773835989
