algoritmo,mae,rsd,lsd,mbre,mmer,sa
ABE,503.35076923076923,13.480584872960094,1.0482736272421487,2.030769214330864,1.0666734844327483,0.49664923076923073
