algoritmo,mae,rsd,lsd,mbre,mmer,sa
ABE,503.3507692307692,13.480584872960094,1.048273627242149,2.030769214330864,1.0666734844327483,0.4966492307692307
Adaboost,370.36971741379244,29.321869380972174,0.943576087310782,1.7789610066572874,0.6787714348004782,0.6296302825862076
